,Service,Region,Cost,Date,Project,Week
0,S3,north,13.65514121099862,2025-02-11,Data Integrations,7
1,S3,east,44.89615680317323,2025-05-19,Data Integrations,21
2,VPC,west,21.563127558869123,2025-01-10,Backend Core,2
3,SageMaker,east,16.263328672248207,2025-03-19,Research Core,12
4,SageMaker,north,21.55200593596163,2025-02-23,Services Main,8
5,SageMaker,north,49.95760737016517,2025-01-05,Research Core,1
6,RedShift,west,48.0308964135744,2025-02-16,Data Integrations,7
7,S3,north,18.061033118564946,2025-03-21,Backend Core,12
8,Bedrock,west,15.124741481973974,2025-01-14,Services Main,3
9,SageMaker,east,32.57924788893791,2025-04-04,Data Integrations,14
10,EC2,west,10.437304999373172,2025-02-01,Backend Core,5
11,VPC,north,34.71270002657348,2025-03-28,Backend Core,13
12,RedShift,west,69.64384895681775,2025-06-01,Services Main,22
13,Bedrock,east,51.80243678657223,2025-05-27,Services Main,22
14,S3,east,39.17640241121545,2025-01-13,Backend Core,3
15,EC2,west,65.847809483059,2025-05-24,Data Integrations,21
16,VPC,east,15.931566185067124,2025-06-15,Research Core,24
17,EC2,west,51.07288907952541,2025-01-18,Data Integrations,3
18,S3,east,28.827781457118633,2025-04-03,Research Core,14
19,S3,north,45.68513970635548,2025-05-31,Data Integrations,22
20,RedShift,north,27.085654478402798,2025-05-27,Data Integrations,22
21,EC2,north,55.18321564166353,2025-06-02,Services Main,23
22,VPC,east,19.750501130498073,2025-01-12,Data Integrations,2
23,Bedrock,west,23.971609059452103,2025-03-29,Services Main,13
24,VPC,west,61.58067524362001,2025-04-29,Data Integrations,18
25,EC2,east,59.76810756520025,2025-03-14,Data Integrations,11
26,VPC,north,29.05180803107927,2025-04-30,Research Core,18
27,RedShift,west,18.173163489439123,2025-06-27,Data Integrations,26
28,SageMaker,west,10.937548638329815,2025-06-26,Research Core,26
29,SageMaker,west,40.461367111653,2025-02-06,Backend Core,6
30,Bedrock,north,34.51884932739269,2025-03-01,Data Integrations,9
31,SageMaker,west,50.62584435458474,2025-03-11,Services Main,11
32,Bedrock,north,57.420725513525106,2025-06-02,Research Core,23
33,Bedrock,west,26.10896149685433,2025-05-07,Research Core,19
34,Bedrock,north,9.668606681299574,2025-02-25,Research Core,9
35,VPC,west,65.28482098524391,2025-02-27,Data Integrations,9
36,RedShift,north,50.70414789125604,2025-05-16,Research Core,20
37,RedShift,east,54.92076018480512,2025-06-23,Research Core,26
38,VPC,north,29.186327695976004,2025-01-23,Services Main,4
39,RedShift,west,35.57907938642153,2025-06-10,Research Core,24
40,RedShift,north,15.749682544599342,2025-02-03,Research Core,6
41,VPC,east,21.052370878919238,2025-03-13,Backend Core,11
42,VPC,east,36.47644629068701,2025-04-28,Services Main,18
43,Bedrock,east,49.656642863097346,2025-03-16,Data Integrations,11
44,SageMaker,north,41.67906676661701,2025-01-27,Data Integrations,5
45,Bedrock,east,6.666195154719182,2025-05-12,Backend Core,20
46,RedShift,north,58.81751599868254,2025-01-12,Research Core,2
47,Bedrock,west,64.73975821536784,2025-04-12,Services Main,15
48,EC2,east,27.170774764247454,2025-02-03,Backend Core,6
49,VPC,north,13.025955419090531,2025-02-12,Backend Core,7
50,VPC,east,26.93739978737139,2025-02-27,Research Core,9
51,RedShift,west,30.166226533974626,2025-01-02,Services Main,1
52,RedShift,north,65.70363547081777,2025-06-17,Data Integrations,25
53,EC2,west,1.3131222521840034,2025-03-14,Data Integrations,11
54,EC2,east,69.35823763366392,2025-06-06,Data Integrations,23
55,VPC,north,69.39229585299863,2025-03-02,Backend Core,9
56,SageMaker,west,43.71487564483346,2025-02-02,Services Main,5
57,RedShift,east,38.38726664222727,2025-02-20,Services Main,8
58,S3,north,69.03209536523507,2025-02-06,Research Core,6
59,SageMaker,north,46.91867813584297,2025-02-04,Research Core,6
60,SageMaker,north,46.57338606266627,2025-03-29,Backend Core,13
61,SageMaker,west,14.485189737569035,2025-01-27,Backend Core,5
62,RedShift,west,32.471616947651555,2025-03-26,Data Integrations,13
63,VPC,east,10.256033371764806,2025-05-30,Services Main,22
64,RedShift,east,63.740757115894446,2025-02-26,Services Main,9
65,SageMaker,north,50.46169680733229,2025-05-19,Research Core,21
66,Bedrock,north,49.42683653109227,2025-01-27,Data Integrations,5
67,SageMaker,north,55.62677498892533,2025-01-05,Services Main,1
68,VPC,west,17.118791546961347,2025-04-02,Research Core,14
69,Bedrock,west,63.613174686631304,2025-04-17,Data Integrations,16
70,EC2,west,16.19162118405333,2025-05-27,Services Main,22
71,S3,north,57.85314107002727,2025-04-20,Data Integrations,16
72,Bedrock,north,45.485382701157555,2025-06-02,Backend Core,23
73,VPC,east,25.550717701419,2025-01-07,Services Main,2
74,Bedrock,west,64.35301700753274,2025-05-20,Data Integrations,21
75,VPC,east,20.92091443637727,2025-01-25,Data Integrations,4
76,VPC,east,11.145476337722078,2025-01-21,Data Integrations,4
77,SageMaker,north,47.65855039707846,2025-04-20,Research Core,16
78,VPC,north,35.80259288406092,2025-04-25,Research Core,17
79,SageMaker,north,46.74723526994425,2025-05-22,Data Integrations,21
80,EC2,north,39.90138886480496,2025-06-03,Research Core,23
81,VPC,east,33.97237829346447,2025-06-06,Data Integrations,23
82,VPC,west,28.43868864006073,2025-01-30,Backend Core,5
83,S3,east,14.881995182341333,2025-01-04,Data Integrations,1
84,RedShift,east,48.23747936553285,2025-04-22,Backend Core,17
85,Bedrock,east,38.44681835073199,2025-02-25,Services Main,9
86,Bedrock,east,33.994955945407135,2025-06-11,Backend Core,24
87,SageMaker,north,16.260678832519716,2025-01-29,Data Integrations,5
88,S3,north,48.84992541433752,2025-06-08,Data Integrations,23
89,Bedrock,north,40.8330363053021,2025-04-03,Services Main,14
90,S3,east,40.9298896225097,2025-06-08,Data Integrations,23
91,VPC,west,33.611222533134516,2025-06-29,Backend Core,26
92,VPC,east,38.22391760255644,2025-01-10,Data Integrations,2
93,VPC,north,40.43869887509785,2025-05-01,Research Core,18
94,Bedrock,north,47.97936544212494,2025-04-25,Data Integrations,17
95,EC2,north,53.321419318136286,2025-01-06,Backend Core,2
96,EC2,west,52.18731632301995,2025-06-13,Data Integrations,24
97,RedShift,north,37.58208892510541,2025-04-23,Research Core,17
98,Bedrock,east,24.58902728071827,2025-02-01,Backend Core,5
99,Bedrock,west,42.05794213918939,2025-02-11,Data Integrations,7
100,Bedrock,north,6.108799943649814,2025-03-27,Services Main,13
101,EC2,west,21.78633565581316,2025-02-28,Backend Core,9
102,VPC,east,13.354980151945716,2025-03-18,Services Main,12
103,SageMaker,east,58.6768205629463,2025-02-28,Services Main,9
104,S3,north,46.398014793256834,2025-02-21,Services Main,8
105,SageMaker,north,31.260586151186807,2025-03-28,Services Main,13
106,EC2,north,53.70270377490037,2025-02-12,Services Main,7
107,EC2,east,51.491147053620054,2025-04-18,Services Main,16
108,RedShift,north,53.91193676118904,2025-02-11,Data Integrations,7
109,VPC,east,41.276195435307066,2025-05-14,Services Main,20
110,SageMaker,north,14.952945877427036,2025-05-09,Research Core,19
111,SageMaker,west,68.86654410709248,2025-04-11,Backend Core,15
112,SageMaker,north,64.23566717339556,2025-04-19,Data Integrations,16
113,EC2,north,42.89046777652002,2025-01-30,Research Core,5
114,SageMaker,west,1.0535512782974463,2025-05-29,Services Main,22
115,EC2,west,20.636809403484133,2025-05-06,Data Integrations,19
116,EC2,west,4.886524361353341,2025-03-17,Services Main,12
117,Bedrock,west,55.14817234120323,2025-06-25,Backend Core,26
118,Bedrock,north,4.494399852198631,2025-04-07,Research Core,15
119,EC2,east,15.618269871894203,2025-04-30,Data Integrations,18
120,EC2,west,50.26132960866507,2025-06-13,Backend Core,24
121,VPC,east,6.853444624371036,2025-01-08,Research Core,2
122,SageMaker,west,35.16184329424939,2025-04-16,Data Integrations,16
123,Bedrock,west,27.508506411930615,2025-06-21,Services Main,25
124,Bedrock,west,50.69811405960025,2025-05-17,Services Main,20
125,SageMaker,east,18.93490336998774,2025-04-28,Data Integrations,18
126,VPC,west,2.1553463314216046,2025-05-11,Research Core,19
127,SageMaker,west,24.65854136526444,2025-01-15,Research Core,3
128,RedShift,north,14.67921495542523,2025-05-24,Data Integrations,21
129,Bedrock,north,48.210302935899094,2025-02-01,Services Main,5
130,Bedrock,north,36.16105775760894,2025-05-29,Backend Core,22
131,S3,north,15.808510077432423,2025-04-17,Data Integrations,16
132,EC2,north,39.15669949186563,2025-05-10,Research Core,19
133,Bedrock,east,31.316882407668643,2025-02-27,Backend Core,9
134,VPC,west,6.621623096939283,2025-04-23,Research Core,17
135,VPC,west,31.94725779657459,2025-01-18,Services Main,3
136,VPC,north,66.06184271867605,2025-01-21,Backend Core,4
137,S3,east,10.63301751847456,2025-04-07,Research Core,15
138,EC2,west,19.588350025839194,2025-02-12,Backend Core,7
139,EC2,east,8.267083740398213,2025-01-02,Services Main,1
140,Bedrock,west,60.92635900994644,2025-01-20,Services Main,4
141,S3,east,62.00300831072794,2025-02-18,Research Core,8
142,Bedrock,north,36.03860128773501,2025-05-23,Services Main,21
143,S3,east,53.44545249389679,2025-03-03,Services Main,10
144,SageMaker,west,47.52410496093108,2025-06-09,Services Main,24
145,EC2,north,25.247337156049813,2025-05-28,Services Main,22
146,RedShift,west,4.610485247920554,2025-03-27,Data Integrations,13
147,Bedrock,west,66.6570537625324,2025-03-05,Backend Core,10
148,RedShift,west,53.43182841414584,2025-05-19,Data Integrations,21
149,RedShift,west,65.81791651686802,2025-06-09,Research Core,24
150,VPC,west,56.63096158248788,2025-03-31,Backend Core,14
151,Bedrock,west,11.96780957931,2025-03-26,Data Integrations,13
152,RedShift,east,41.59164662655308,2025-01-09,Backend Core,2
153,S3,east,16.226613925977624,2025-03-20,Services Main,12
154,VPC,east,51.70039279532501,2025-04-15,Backend Core,16
155,VPC,west,39.51596382200503,2025-01-17,Data Integrations,3
156,Bedrock,west,19.19699179617807,2025-06-19,Research Core,25
157,EC2,east,35.67482038564116,2025-03-29,Research Core,13
158,EC2,east,67.1813903607648,2025-01-12,Data Integrations,2
159,Bedrock,west,23.166233460263243,2025-06-28,Backend Core,26
160,SageMaker,west,45.222229658271786,2025-03-07,Research Core,10
161,VPC,east,33.83155638816662,2025-03-10,Backend Core,11
162,VPC,north,47.46984368538611,2025-06-25,Research Core,26
163,RedShift,east,15.240621892295495,2025-06-24,Research Core,26
164,S3,east,62.20785442847057,2025-05-22,Services Main,21
165,S3,west,59.333141017687225,2025-05-25,Research Core,21
166,EC2,east,20.18829909677913,2025-02-10,Research Core,7
167,Bedrock,east,51.265287647652805,2025-03-21,Research Core,12
168,VPC,east,69.46232602222895,2025-05-10,Services Main,19
169,S3,north,6.861462990190767,2025-06-18,Research Core,25
170,VPC,west,40.06982116401463,2025-05-27,Backend Core,22
171,EC2,west,11.663059807791436,2025-03-05,Data Integrations,10
172,VPC,north,25.171826106011647,2025-03-06,Data Integrations,10
173,EC2,east,3.9665823915881337,2025-04-09,Services Main,15
174,RedShift,west,40.70636668932184,2025-01-02,Research Core,1
175,SageMaker,north,55.27855979343642,2025-01-16,Research Core,3
176,SageMaker,east,21.76866665134747,2025-02-14,Backend Core,7
177,Bedrock,north,29.957265742101352,2025-01-02,Backend Core,1
178,SageMaker,west,28.369844439961394,2025-01-22,Services Main,4
179,SageMaker,east,17.99720056678371,2025-06-24,Research Core,26
180,Bedrock,north,5.2531664237086435,2025-05-12,Backend Core,20
181,S3,east,4.865169041668323,2025-06-08,Research Core,23
182,RedShift,west,22.06957324452903,2025-03-22,Data Integrations,12
183,EC2,north,38.959387877907865,2025-03-18,Services Main,12
184,VPC,north,68.26083905190606,2025-04-20,Backend Core,16
185,Bedrock,north,66.08633460782691,2025-05-16,Data Integrations,20
186,SageMaker,north,27.398003548948424,2025-04-27,Backend Core,17
187,Bedrock,north,57.56825317644372,2025-06-24,Data Integrations,26
188,S3,east,63.39785326575314,2025-06-06,Services Main,23
189,VPC,north,23.21536338807031,2025-03-12,Services Main,11
190,RedShift,west,24.678730827385884,2025-02-09,Backend Core,6
191,S3,west,61.85061972861064,2025-02-23,Backend Core,8
192,Bedrock,west,54.21739133699961,2025-06-27,Data Integrations,26
193,RedShift,west,24.63430748156979,2025-03-21,Services Main,12
194,VPC,north,15.779785852204043,2025-05-10,Services Main,19
195,RedShift,west,23.957527059675435,2025-03-30,Research Core,13
196,EC2,north,11.642117253460864,2025-03-11,Backend Core,11
197,VPC,east,6.302335885123789,2025-04-13,Services Main,15
198,EC2,east,29.066218997827225,2025-01-04,Data Integrations,1
199,SageMaker,east,49.145879890239875,2025-06-05,Research Core,23
200,S3,west,48.42977893185497,2025-02-21,Research Core,8
201,SageMaker,north,43.79016037993703,2025-05-05,Backend Core,19
202,Bedrock,east,54.10492164055306,2025-05-23,Research Core,21
203,RedShift,north,65.62730986207455,2025-04-11,Data Integrations,15
204,S3,west,38.475764007352325,2025-01-29,Data Integrations,5
205,RedShift,east,57.39104332940987,2025-06-15,Data Integrations,24
206,SageMaker,north,16.01844160185968,2025-05-29,Research Core,22
207,VPC,east,36.616508976733165,2025-05-01,Services Main,18
208,VPC,north,16.43222142749623,2025-06-15,Services Main,24
209,VPC,north,62.992915241873455,2025-03-07,Services Main,10
210,SageMaker,north,1.805664425389136,2025-02-16,Services Main,7
211,Bedrock,east,47.5716069646659,2025-06-19,Backend Core,25
212,VPC,east,61.25908475245896,2025-01-03,Services Main,1
213,VPC,west,22.040481084226446,2025-06-22,Research Core,25
214,VPC,west,63.53499928894581,2025-05-24,Data Integrations,21
215,RedShift,east,20.144900346506155,2025-03-30,Backend Core,13
216,EC2,east,50.91934472414143,2025-03-16,Research Core,11
217,EC2,east,58.50371930314488,2025-01-06,Services Main,2
218,SageMaker,north,42.76030737242883,2025-01-09,Research Core,2
219,S3,west,15.832452984282003,2025-01-14,Services Main,3
220,EC2,west,20.671396580413838,2025-04-15,Data Integrations,16
221,S3,east,3.8215741315082687,2025-03-03,Data Integrations,10
222,RedShift,north,68.96623915778223,2025-06-18,Research Core,25
223,SageMaker,west,10.333231882906414,2025-05-28,Research Core,22
224,S3,west,33.38301731135303,2025-03-26,Research Core,13
225,RedShift,north,66.90439983911918,2025-06-26,Data Integrations,26
226,SageMaker,east,9.414748141353899,2025-02-23,Research Core,8
227,S3,east,50.71295681512374,2025-02-20,Research Core,8
228,SageMaker,east,48.23127360308024,2025-04-09,Data Integrations,15
229,VPC,north,28.82673735237039,2025-06-26,Research Core,26
230,SageMaker,west,41.82846635025401,2025-05-08,Backend Core,19
231,RedShift,east,49.8581888935342,2025-03-28,Services Main,13
232,SageMaker,west,10.907032555176201,2025-01-18,Data Integrations,3
233,S3,west,68.52765563244296,2025-02-13,Data Integrations,7
234,VPC,east,66.86025652086263,2025-05-31,Data Integrations,22
235,SageMaker,east,19.960296545185905,2025-02-28,Data Integrations,9
236,SageMaker,west,17.757520452262902,2025-02-19,Research Core,8
237,SageMaker,west,29.75,2025-01-31,Research Core,5
238,EC2,north,48.98587484677983,2025-05-09,Backend Core,19
239,VPC,east,18.29471902327779,2025-01-08,Research Core,2
240,Bedrock,west,40.98627037611881,2025-06-02,Data Integrations,23
241,S3,west,12.288485983822312,2025-04-01,Services Main,14
242,S3,north,55.28821822919698,2025-06-16,Data Integrations,25
243,SageMaker,east,14.890482006327378,2025-03-04,Backend Core,10
244,SageMaker,west,35.76736945779155,2025-05-10,Data Integrations,19
245,S3,west,19.27806069299966,2025-04-20,Data Integrations,16
246,EC2,east,8.843189936483258,2025-05-27,Services Main,22
247,VPC,north,45.63271578053547,2025-03-16,Services Main,11
248,RedShift,north,54.70973595254507,2025-03-23,Data Integrations,12
249,RedShift,east,50.84340436343604,2025-04-13,Services Main,15
250,Bedrock,east,25.68921411159781,2025-05-20,Data Integrations,21
251,Bedrock,east,57.91585676692488,2025-01-14,Backend Core,3
252,RedShift,east,68.17306646027745,2025-01-28,Backend Core,5
253,RedShift,west,12.214516856037573,2025-03-07,Research Core,10
254,VPC,north,46.5044043843568,2025-02-20,Services Main,8
255,SageMaker,west,37.86597155172395,2025-01-12,Research Core,2
256,S3,west,6.279181302814999,2025-04-26,Services Main,17
257,S3,east,8.66514341131697,2025-02-26,Research Core,9
258,S3,west,4.429325356615424,2025-05-22,Data Integrations,21
259,SageMaker,west,59.30977524697407,2025-03-05,Services Main,10
260,RedShift,north,18.388331939513154,2025-03-24,Backend Core,13
261,RedShift,east,62.813908742983564,2025-05-26,Backend Core,22
262,SageMaker,east,23.697515342326884,2025-04-14,Data Integrations,16
263,SageMaker,west,69.87462635077264,2025-01-04,Data Integrations,1
264,RedShift,east,37.79087845910727,2025-01-11,Backend Core,2
265,S3,north,10.248471619354861,2025-02-08,Services Main,6
266,S3,north,46.39564054692341,2025-02-06,Data Integrations,6
267,VPC,east,7.613054605923495,2025-01-13,Backend Core,3
268,S3,west,69.96534162333504,2025-05-07,Services Main,19
269,S3,west,33.91359835274016,2025-05-29,Research Core,22
270,VPC,east,69.80888502844284,2025-04-23,Data Integrations,17
271,RedShift,east,55.046819542766045,2025-02-28,Backend Core,9
272,VPC,east,43.28414412795029,2025-04-10,Services Main,15
273,S3,east,46.79267446924537,2025-06-01,Research Core,22
274,RedShift,west,16.735966757815042,2025-01-30,Services Main,5
275,Bedrock,west,51.01541749033661,2025-03-17,Services Main,12
276,RedShift,north,4.619270905053678,2025-01-16,Research Core,3
277,S3,east,7.5068779752033175,2025-06-05,Research Core,23
278,RedShift,east,79.763,2025-05-16,Research Core,20
279,EC2,east,11.787791574017575,2025-03-05,Services Main,10
280,VPC,north,26.328677896575318,2025-02-10,Research Core,7
281,RedShift,east,26.17885718305489,2025-05-31,Data Integrations,22
282,SageMaker,north,4.701540260622434,2025-01-31,Services Main,5
283,RedShift,west,12.5481220114582,2025-05-09,Services Main,19
284,EC2,east,25.31084442487916,2025-03-22,Backend Core,12
285,EC2,north,22.763152431579126,2025-02-04,Backend Core,6
286,Bedrock,east,43.40970969042846,2025-06-29,Services Main,26
287,VPC,west,60.04251764812687,2025-02-16,Data Integrations,7
288,S3,west,52.900111826324554,2025-01-26,Services Main,4
289,SageMaker,north,46.78244123782099,2025-01-06,Backend Core,2
290,SageMaker,north,41.37544057195776,2025-02-04,Backend Core,6
291,RedShift,west,14.69595958407531,2025-05-12,Services Main,20
292,S3,west,50.61254090731509,2025-04-21,Backend Core,17
293,S3,north,20.36523880928791,2025-04-02,Backend Core,14
294,SageMaker,west,68.97988520152575,2025-03-08,Research Core,10
295,VPC,west,11.325995862360822,2025-03-30,Backend Core,13
296,Bedrock,east,55.10891675140587,2025-05-10,Services Main,19
297,Bedrock,north,22.5242528571169,2025-06-13,Data Integrations,24
298,EC2,east,30.2293836617099,2025-04-18,Data Integrations,16
299,Bedrock,north,39.0776074870446,2025-02-03,Research Core,6
300,VPC,west,0.9051666357434189,2025-03-01,Services Main,9
301,Bedrock,east,40.0,2025-01-11,Research Core,2
302,VPC,north,50.45925967853575,2025-05-30,Data Integrations,22
303,EC2,north,58.86195234479697,2025-04-02,Services Main,14
304,S3,west,53.70470024302275,2025-03-14,Services Main,11
305,S3,north,30.513731253463195,2025-01-01,Research Core,1
306,S3,west,9.504257441946635,2025-06-09,Research Core,24
307,SageMaker,west,43.822405309415615,2025-05-02,Research Core,18
308,EC2,east,41.68954348988648,2025-05-16,Research Core,20
309,Bedrock,east,27.043460577814358,2025-04-01,Services Main,14
310,VPC,west,0.8714767550752964,2025-02-12,Research Core,7
311,EC2,north,6.433314494811578,2025-01-16,Backend Core,3
312,S3,east,30.526832323817978,2025-05-09,Services Main,19
313,Bedrock,west,9.410537491986124,2025-02-18,Services Main,8
314,RedShift,east,34.82386775849604,2025-05-22,Research Core,21
315,RedShift,north,54.168952168095686,2025-01-26,Data Integrations,4
316,RedShift,west,47.95258764290922,2025-01-20,Services Main,4
317,RedShift,north,8.740300849474952,2025-03-05,Services Main,10
318,S3,east,10.256785249689694,2025-02-11,Backend Core,7
319,EC2,north,67.69178254386578,2025-03-27,Research Core,13
320,SageMaker,east,16.85487270061094,2025-06-02,Research Core,23
321,EC2,west,54.00675872849835,2025-03-15,Services Main,11
322,SageMaker,west,20.44040117218644,2025-03-04,Backend Core,10
323,EC2,north,2.5731115649187637,2025-01-30,Research Core,5
324,VPC,north,38.480667380041524,2025-03-31,Research Core,14
325,Bedrock,west,11.55415787227872,2025-03-11,Backend Core,11
326,RedShift,north,9.307618503360585,2025-04-30,Research Core,18
327,SageMaker,west,48.43157965134186,2025-02-10,Services Main,7
328,SageMaker,east,52.59003513657241,2025-06-26,Backend Core,26
329,RedShift,west,58.526666414196605,2025-04-06,Services Main,14
330,VPC,north,3.813528935748864,2025-02-17,Services Main,8
331,SageMaker,west,24.572652635932414,2025-01-23,Research Core,4
332,EC2,east,66.48983090918979,2025-06-22,Research Core,25
333,Bedrock,north,20.280390554852158,2025-05-25,Data Integrations,21
334,SageMaker,north,67.10773232875873,2025-06-17,Data Integrations,25
335,EC2,west,57.45652178661952,2025-05-09,Backend Core,19
336,SageMaker,east,13.206900955943775,2025-02-03,Research Core,6
337,SageMaker,west,17.31179131980447,2025-02-28,Research Core,9
338,SageMaker,north,32.38496023152611,2025-02-09,Services Main,6
339,Bedrock,east,20.503917775472306,2025-04-25,Data Integrations,17
340,RedShift,west,22.8625317785846,2025-01-30,Data Integrations,5
341,VPC,west,68.53791311136816,2025-01-27,Data Integrations,5
342,S3,north,69.40558349428984,2025-05-27,Services Main,22
343,EC2,east,50.325851266679365,2025-06-26,Research Core,26
344,S3,east,6.508265426741416,2025-04-28,Data Integrations,18
345,SageMaker,east,23.355424700568175,2025-06-23,Data Integrations,26
346,SageMaker,north,69.58395571873588,2025-05-16,Data Integrations,20
347,Bedrock,north,58.40666027468454,2025-06-25,Backend Core,26
348,VPC,north,4.555932252884404,2025-05-19,Services Main,21
349,RedShift,north,19.84546416525092,2025-02-23,Research Core,8
350,VPC,east,56.90903345139201,2025-05-05,Services Main,19
351,S3,north,36.79174377193494,2025-02-25,Research Core,9
352,RedShift,north,43.023622895926074,2025-03-28,Research Core,13
353,EC2,east,68.26215525575974,2025-01-16,Data Integrations,3
354,VPC,north,13.131684543492925,2025-05-24,Services Main,21
355,EC2,north,65.68600998662856,2025-04-09,Data Integrations,15
356,VPC,north,0.8771612754716234,2025-04-03,Services Main,14
357,Bedrock,east,55.60642186811637,2025-03-27,Data Integrations,13
358,Bedrock,west,29.828714339604826,2025-02-22,Data Integrations,8
359,SageMaker,north,61.489735821995446,2025-03-30,Backend Core,13
360,S3,west,47.69150502821309,2025-02-17,Research Core,8
361,RedShift,east,46.557129467165815,2025-06-14,Research Core,24
362,VPC,north,13.214899825962796,2025-05-19,Data Integrations,21
363,SageMaker,east,33.61410051941956,2025-02-04,Data Integrations,6
364,Bedrock,north,60.683599376519645,2025-01-03,Data Integrations,1
365,EC2,north,17.388835921659037,2025-01-25,Services Main,4
366,RedShift,north,52.70683740628246,2025-03-15,Research Core,11
367,SageMaker,east,10.55778454473005,2025-03-09,Backend Core,10
368,VPC,west,47.64704113952997,2025-02-28,Backend Core,9
369,VPC,east,28.49726793377386,2025-02-08,Data Integrations,6
370,S3,east,45.063723755099026,2025-02-18,Research Core,8
371,S3,north,46.90983424742323,2025-05-13,Research Core,20
372,SageMaker,north,3.426769445004987,2025-03-29,Backend Core,13
373,Bedrock,west,34.49796056343639,2025-03-13,Backend Core,11
374,SageMaker,west,50.2531139859047,2025-05-30,Data Integrations,22
375,Bedrock,east,36.41944784514172,2025-01-02,Research Core,1
376,VPC,north,29.01648750741335,2025-06-06,Services Main,23
377,VPC,west,31.42475904761513,2025-01-29,Backend Core,5
378,S3,east,8.110239043889598,2025-02-07,Data Integrations,6
379,EC2,west,28.589892209971644,2025-04-30,Backend Core,18
380,RedShift,north,60.85324740772368,2025-04-09,Data Integrations,15
381,RedShift,north,55.903768742888595,2025-04-23,Research Core,17
382,VPC,north,63.64595742782805,2025-04-19,Services Main,16
383,EC2,east,16.937057066865265,2025-06-28,Services Main,26
384,S3,west,66.3718296091434,2025-01-12,Backend Core,2
385,VPC,west,62.864185682812206,2025-01-29,Research Core,5
386,S3,north,33.265922704494486,2025-03-11,Backend Core,11
387,VPC,east,58.4807166441344,2025-05-12,Services Main,20
388,VPC,east,6.302885947339563,2025-05-25,Backend Core,21
389,SageMaker,west,56.66519252294239,2025-04-22,Backend Core,17
390,Bedrock,west,47.23579566104162,2025-04-02,Services Main,14
391,S3,north,28.733824240495416,2025-05-27,Backend Core,22
392,EC2,west,24.17048377665754,2025-04-12,Backend Core,15
393,VPC,north,31.231096774137917,2025-06-10,Data Integrations,24
394,S3,north,8.399555802976376,2025-02-28,Backend Core,9
395,EC2,west,46.34511571578158,2025-05-13,Research Core,20
396,VPC,west,29.639767795055054,2025-05-20,Data Integrations,21
397,SageMaker,east,50.838656216676796,2025-04-24,Research Core,17
398,EC2,north,8.760120288379396,2025-06-03,Data Integrations,23
399,RedShift,north,2.496160906038728,2025-06-03,Backend Core,23
400,VPC,north,20.88984978431001,2025-03-06,Data Integrations,10
401,VPC,east,41.13640989904047,2025-02-13,Backend Core,7
402,VPC,east,31.55407279244155,2025-02-04,Data Integrations,6
403,RedShift,west,67.24661023061394,2025-01-12,Data Integrations,2
404,S3,east,52.52144057660004,2025-04-20,Data Integrations,16
405,VPC,west,54.52190998567488,2025-01-06,Data Integrations,2
406,S3,east,46.37124011347034,2025-02-10,Research Core,7
407,EC2,east,57.688883093289995,2025-01-25,Services Main,4
408,SageMaker,west,13.34,2025-01-29,Research Core,5
409,Bedrock,east,13.436762495195797,2025-05-19,Data Integrations,21
410,Bedrock,west,14.053246552722817,2025-03-23,Backend Core,12
411,VPC,north,10.34,2025-01-27,Research Core,5
412,SageMaker,east,17.51825717598504,2025-06-07,Data Integrations,23
413,SageMaker,east,51.02937593930678,2025-05-23,Data Integrations,21
414,EC2,east,1.1445978027522121,2025-04-06,Backend Core,14
415,RedShift,west,12.37796527418843,2025-04-14,Research Core,16
416,EC2,west,46.10744733197636,2025-02-01,Services Main,5
417,EC2,east,12.212418623410707,2025-03-05,Research Core,10
418,SageMaker,east,48.93626062640359,2025-01-26,Backend Core,4
419,RedShift,west,49.95850943515723,2025-06-04,Research Core,23
420,RedShift,east,15.431119322326806,2025-04-06,Research Core,14
421,Bedrock,north,3.9055652445268287,2025-02-13,Data Integrations,7
422,S3,west,42.21384392743401,2025-03-19,Backend Core,12
423,RedShift,west,26.693993382684024,2025-03-24,Services Main,13
424,Bedrock,north,59.38330767625654,2025-04-05,Data Integrations,14
425,S3,east,52.844598909587866,2025-04-17,Backend Core,16
426,VPC,north,54.01892582926965,2025-01-17,Backend Core,3
427,RedShift,north,52.520689163419554,2025-02-26,Data Integrations,9
428,RedShift,north,45.61767513916024,2025-05-02,Backend Core,18
429,Bedrock,east,42.859979819858665,2025-02-20,Backend Core,8
430,S3,west,3.7184687042055753,2025-04-23,Data Integrations,17
431,S3,west,64.46904621905747,2025-04-21,Backend Core,17
432,VPC,east,59.782985861271925,2025-06-21,Research Core,25
433,S3,east,49.68274661499159,2025-05-24,Backend Core,21
434,SageMaker,east,44.85449667593287,2025-01-25,Data Integrations,4
435,S3,west,46.100826667098936,2025-06-08,Backend Core,23
436,VPC,east,31.928839844389472,2025-02-18,Backend Core,8
437,EC2,west,9.194142385240804,2025-05-14,Data Integrations,20
438,RedShift,north,65.93683094674438,2025-01-24,Data Integrations,4
439,VPC,north,52.06136787128353,2025-01-21,Backend Core,4
440,EC2,west,18.101810902728932,2025-02-19,Data Integrations,8
441,RedShift,east,12.986440925364459,2025-04-28,Services Main,18
442,SageMaker,east,36.676332122354154,2025-03-26,Research Core,13
443,S3,east,62.045474538425786,2025-02-07,Backend Core,6
444,VPC,west,8.656863621296766,2025-03-25,Services Main,13
445,S3,west,14.333216602457817,2025-06-10,Services Main,24
446,VPC,north,18.26981014930625,2025-06-02,Research Core,23
447,RedShift,west,68.55918756371615,2025-05-08,Research Core,19
448,SageMaker,east,28.68396087747012,2025-03-23,Services Main,12
449,EC2,east,30.835235993780735,2025-01-10,Data Integrations,2
450,VPC,north,36.226408932417286,2025-05-10,Backend Core,19
451,Bedrock,north,35.48676123786577,2025-03-12,Research Core,11
452,SageMaker,east,58.85905119035018,2025-02-27,Data Integrations,9
453,EC2,north,49.80077826783328,2025-01-24,Services Main,4
454,RedShift,west,11.996721433420271,2025-05-03,Research Core,18
455,RedShift,north,46.1656369639964,2025-04-14,Data Integrations,16
456,S3,north,33.91310782759416,2025-01-25,Research Core,4
457,EC2,east,53.4372172928814,2025-03-07,Services Main,10
458,S3,east,65.61779724458195,2025-01-19,Research Core,3
459,RedShift,east,59.120343246383435,2025-04-30,Data Integrations,18
460,Bedrock,west,36.8002401165494,2025-04-06,Backend Core,14
461,RedShift,east,34.37589885425801,2025-04-21,Services Main,17
462,S3,north,60.651580889240805,2025-05-01,Data Integrations,18
463,RedShift,north,39.44691387143906,2025-01-22,Data Integrations,4
464,Bedrock,west,37.8093448413282,2025-06-04,Backend Core,23
465,RedShift,north,33.306514718520695,2025-02-07,Services Main,6
466,RedShift,north,5.05464903452521,2025-05-31,Services Main,22
467,VPC,east,9.18404610303396,2025-02-20,Data Integrations,8
468,Bedrock,north,24.097301586985385,2025-05-05,Research Core,19
469,Bedrock,west,37.26256109864649,2025-01-05,Backend Core,1
470,SageMaker,east,64.33183568028058,2025-02-12,Data Integrations,7
471,Bedrock,north,41.41619605676319,2025-05-09,Services Main,19
472,SageMaker,north,10.684251967636564,2025-05-12,Backend Core,20
473,EC2,west,5.884128112840446,2025-02-17,Services Main,8
474,EC2,west,53.914687987799255,2025-02-03,Services Main,6
475,Bedrock,west,55.53093772973552,2025-03-22,Research Core,12
476,EC2,west,1.953685430925638,2025-02-16,Backend Core,7
477,RedShift,east,36.473688741866255,2025-01-12,Research Core,2
478,S3,west,13.04874843499672,2025-01-19,Backend Core,3
479,RedShift,east,1.6849397034958302,2025-05-10,Backend Core,19
480,EC2,north,26.565416281821022,2025-01-01,Research Core,1
481,VPC,west,24.84669905111909,2025-01-03,Data Integrations,1
482,VPC,west,48.97982785841461,2025-05-13,Services Main,20
483,RedShift,north,36.75543504398896,2025-03-23,Backend Core,12
484,S3,east,54.40821375887556,2025-06-06,Research Core,23
485,S3,east,16.129019364939975,2025-05-02,Backend Core,18
486,Bedrock,east,44.48488067637709,2025-04-12,Services Main,15
487,VPC,west,14.947677066774665,2025-06-14,Data Integrations,24
488,VPC,north,40.119464533882386,2025-04-28,Backend Core,18
489,SageMaker,east,30.09055546451595,2025-03-08,Backend Core,10
490,S3,north,28.692297930074368,2025-05-24,Data Integrations,21
491,VPC,west,52.03358020439515,2025-02-15,Research Core,7
492,S3,west,66.33750330745664,2025-05-16,Data Integrations,20
493,VPC,west,22.176925869430814,2025-06-23,Data Integrations,26
494,EC2,east,42.31135266277987,2025-02-18,Backend Core,8
495,S3,north,54.344839793220906,2025-03-27,Data Integrations,13
496,EC2,east,48.167566497227305,2025-06-29,Data Integrations,26
497,SageMaker,north,44.77590350814042,2025-03-10,Data Integrations,11
498,EC2,north,14.208647326043687,2025-05-22,Backend Core,21
499,Bedrock,west,47.35624091767496,2025-06-01,Services Main,22
500,SageMaker,east,50.772505296725505,2025-06-14,Backend Core,24
501,VPC,north,61.41209534184089,2025-04-29,Research Core,18
502,S3,north,60.86429488295966,2025-05-10,Data Integrations,19
503,S3,north,48.93206941935632,2025-06-19,Backend Core,25
504,S3,north,39.696244479169636,2025-01-06,Research Core,2
505,RedShift,east,59.08997228455631,2025-06-07,Data Integrations,23
506,Bedrock,east,30.368227120717286,2025-02-21,Research Core,8
507,SageMaker,east,66.31800936319908,2025-04-06,Research Core,14
508,RedShift,west,14.972269612329013,2025-03-10,Research Core,11
509,Bedrock,west,11.63866847107764,2025-02-10,Data Integrations,7
510,EC2,north,22.55833910914585,2025-02-17,Backend Core,8
511,SageMaker,east,19.87595223183342,2025-02-01,Research Core,5
512,EC2,east,18.441196185098484,2025-01-13,Services Main,3
513,VPC,north,41.95443172158253,2025-06-23,Research Core,26
514,VPC,west,207.76,2025-05-18,Research Core,20
515,EC2,west,69.23616893807223,2025-05-24,Data Integrations,21
516,VPC,north,14.588711773112395,2025-04-23,Data Integrations,17
517,S3,west,41.780360652093094,2025-06-20,Data Integrations,25
518,RedShift,north,31.370430986420192,2025-04-28,Backend Core,18
519,EC2,west,40.06951976716025,2025-04-26,Services Main,17
520,Bedrock,north,56.782901332456554,2025-03-04,Services Main,10
521,SageMaker,east,61.70627328118357,2025-06-01,Data Integrations,22
522,Bedrock,west,37.6462439952008,2025-05-26,Research Core,22
523,SageMaker,east,11.959511589729031,2025-03-16,Services Main,11
524,SageMaker,north,41.90215059821164,2025-04-26,Research Core,17
525,VPC,east,63.60744979057577,2025-06-11,Backend Core,24
526,Bedrock,north,64.74433421347842,2025-04-04,Backend Core,14
527,VPC,west,28.71082226899477,2025-04-29,Backend Core,18
528,S3,west,60.12583457436853,2025-03-31,Data Integrations,14
529,VPC,east,5.698891891140098,2025-03-31,Backend Core,14
530,SageMaker,north,65.03087652215369,2025-05-31,Backend Core,22
531,VPC,north,34.26691119674034,2025-02-01,Services Main,5
532,S3,north,7.370220465929057,2025-06-05,Backend Core,23
533,EC2,north,51.9747733006364,2025-02-04,Research Core,6
534,S3,north,19.22160165260068,2025-06-11,Research Core,24
535,S3,west,38.04119094907391,2025-03-29,Services Main,13
536,EC2,east,51.39113400346556,2025-01-18,Research Core,3
537,VPC,west,9.470672838905287,2025-04-24,Backend Core,17
538,SageMaker,west,49.607459697445584,2025-01-10,Services Main,2
539,RedShift,west,58.25718714031724,2025-04-01,Data Integrations,14
540,EC2,north,18.790063406691655,2025-05-17,Data Integrations,20
541,Bedrock,north,15.3,2025-01-05,Research Core,1
542,S3,west,17.030135165780937,2025-03-20,Services Main,12
543,EC2,north,33.85428114341061,2025-04-30,Data Integrations,18
544,S3,west,69.3394847112939,2025-05-13,Backend Core,20
545,VPC,east,61.045100683193,2025-06-16,Services Main,25
546,Bedrock,east,35.68486352300849,2025-04-24,Data Integrations,17
547,EC2,north,64.70727331365286,2025-06-27,Data Integrations,26
548,RedShift,east,26.16523590226432,2025-01-03,Data Integrations,1
549,EC2,north,51.42757937992529,2025-02-02,Backend Core,5
550,VPC,east,64.98178739120378,2025-06-22,Research Core,25
551,VPC,west,21.77268739369558,2025-01-12,Data Integrations,2
552,SageMaker,west,9.851827108536751,2025-06-10,Backend Core,24
553,EC2,west,20.726450986114106,2025-06-28,Backend Core,26
554,SageMaker,north,32.93915724243011,2025-04-10,Research Core,15
555,EC2,east,50.255404047935365,2025-06-09,Services Main,24
556,VPC,east,38.85521065298631,2025-04-12,Services Main,15
557,SageMaker,west,51.989363120431385,2025-03-26,Backend Core,13
558,RedShift,north,43.85077254233549,2025-04-16,Research Core,16
559,S3,east,59.405824606252565,2025-02-21,Data Integrations,8
560,VPC,north,20.057661183106404,2025-05-02,Research Core,18
561,Bedrock,north,62.32799233482176,2025-06-02,Research Core,23
562,SageMaker,north,23.97511232983489,2025-05-16,Services Main,20
563,RedShift,east,11.524416494212268,2025-01-07,Backend Core,2
564,S3,east,64.64979994267149,2025-01-02,Data Integrations,1
565,VPC,east,69.3427071906843,2025-03-11,Research Core,11
566,EC2,west,63.507698147668556,2025-05-19,Research Core,21
567,VPC,east,7.0942871337414735,2025-02-14,Research Core,7
568,VPC,north,66.67774774100059,2025-03-08,Services Main,10
569,SageMaker,west,67.74758238326115,2025-01-05,Services Main,1
570,EC2,north,50.482812487762224,2025-03-07,Data Integrations,10
571,Bedrock,east,64.92827910056117,2025-03-02,Research Core,9
572,VPC,west,41.525916829802476,2025-01-06,Services Main,2
573,S3,west,20.8822888840235,2025-01-02,Services Main,1
574,VPC,north,18.20535079507766,2025-04-06,Research Core,14
575,S3,north,32.864745176098914,2025-03-19,Research Core,12
576,SageMaker,east,9.44440625112019,2025-06-24,Services Main,26
577,S3,north,61.276242442776734,2025-04-07,Services Main,15
578,RedShift,east,30.263981652458778,2025-03-05,Backend Core,10
579,S3,east,44.32174366938937,2025-01-27,Data Integrations,5
580,Bedrock,north,10.257759031631215,2025-06-23,Data Integrations,26
581,EC2,north,34.031110311769055,2025-03-19,Data Integrations,12
582,RedShift,west,32.005637102260216,2025-02-07,Services Main,6
583,S3,east,47.69252581396986,2025-05-22,Data Integrations,21
584,SageMaker,north,21.54767580422054,2025-05-14,Data Integrations,20
585,SageMaker,east,35.17733132538139,2025-02-07,Services Main,6
586,VPC,north,19.40788919226772,2025-06-11,Services Main,24
587,VPC,north,44.25251450155184,2025-02-13,Services Main,7
588,RedShift,north,21.22,2025-01-27,Research Core,5
589,S3,east,14.895517454317964,2025-01-23,Data Integrations,4
590,S3,west,42.525405934700565,2025-02-11,Services Main,7
591,S3,west,62.314615600940606,2025-02-02,Services Main,5
592,EC2,north,17.140616775380522,2025-05-21,Data Integrations,21
593,EC2,east,39.445722398276985,2025-06-04,Services Main,23
594,S3,east,26.554932979482953,2025-06-06,Backend Core,23
595,VPC,west,54.32105273095055,2025-05-26,Services Main,22
596,S3,east,23.71323614152083,2025-01-26,Services Main,4
597,VPC,north,55.10475110140606,2025-02-14,Data Integrations,7
598,Bedrock,west,57.24219757373381,2025-05-08,Research Core,19
599,VPC,north,28.118081565210126,2025-04-24,Backend Core,17
600,VPC,north,68.80373238372813,2025-01-23,Research Core,4
601,RedShift,west,51.65261466874457,2025-02-17,Data Integrations,8
602,VPC,north,63.4801155854457,2025-01-25,Data Integrations,4
603,SageMaker,west,68.70223937257367,2025-06-22,Data Integrations,25
604,EC2,north,53.52083636993838,2025-05-02,Services Main,18
605,SageMaker,west,35.2075547725756,2025-02-02,Research Core,5
606,SageMaker,east,18.2673688813707,2025-01-29,Data Integrations,5
607,S3,north,56.74562290361635,2025-01-18,Services Main,3
608,SageMaker,west,47.560747795646,2025-05-15,Data Integrations,20
609,SageMaker,west,41.42470632959381,2025-02-22,Services Main,8
610,EC2,east,17.110236927846334,2025-04-30,Backend Core,18
611,VPC,west,63.44020898670731,2025-06-07,Backend Core,23
612,SageMaker,east,4.2890539588662,2025-05-15,Backend Core,20
613,EC2,north,17.86765084946163,2025-04-21,Data Integrations,17
614,S3,east,15.708670525571439,2025-04-15,Backend Core,16
615,Bedrock,north,18.186772070520902,2025-06-19,Data Integrations,25
616,SageMaker,east,0.6718539453521823,2025-02-21,Backend Core,8
617,RedShift,north,59.86191802007499,2025-03-24,Services Main,13
618,EC2,east,1.0168514452581496,2025-05-21,Data Integrations,21
619,RedShift,north,64.8637927784559,2025-04-20,Research Core,16
620,SageMaker,west,63.96694488185079,2025-01-08,Backend Core,2
621,S3,north,53.79098605022692,2025-06-25,Research Core,26
622,Bedrock,north,39.174623601585836,2025-04-27,Backend Core,17
623,RedShift,north,24.376230001008505,2025-06-03,Data Integrations,23
624,VPC,west,46.67297401380843,2025-06-18,Services Main,25
625,S3,west,28.326181200067108,2025-02-01,Services Main,5
626,EC2,west,44.96956956510263,2025-01-29,Backend Core,5
627,RedShift,east,56.8636141264509,2025-06-23,Services Main,26
628,EC2,west,1.1101794179356648,2025-06-05,Research Core,23
629,Bedrock,west,16.72558973126624,2025-03-09,Data Integrations,10
630,Bedrock,north,13.498388008487423,2025-06-16,Services Main,25
631,Bedrock,east,35.05763115904495,2025-06-27,Research Core,26
632,S3,west,13.57992576436181,2025-02-02,Services Main,5
633,VPC,east,24.434090355557174,2025-04-15,Services Main,16
634,EC2,west,56.60586028574523,2025-01-25,Research Core,4
635,RedShift,east,38.84182608301913,2025-03-26,Data Integrations,13
636,RedShift,west,38.225801716243375,2025-04-08,Backend Core,15
637,RedShift,east,46.50103111912196,2025-02-26,Backend Core,9
638,S3,east,44.27793069935626,2025-03-25,Data Integrations,13
639,EC2,west,45.46715987255797,2025-02-26,Data Integrations,9
640,EC2,east,57.29771371235715,2025-01-09,Services Main,2
641,SageMaker,north,2.7612228892494053,2025-03-28,Backend Core,13
642,RedShift,west,45.73788256157627,2025-01-17,Research Core,3
643,VPC,east,3.718369426238603,2025-03-20,Data Integrations,12
644,Bedrock,north,3.2256949278662796,2025-05-15,Services Main,20
645,SageMaker,north,40.68484773085569,2025-05-30,Services Main,22
646,SageMaker,east,60.900704538702016,2025-03-09,Services Main,10
647,VPC,east,21.735959720539295,2025-04-14,Research Core,16
648,SageMaker,east,14.138265758328863,2025-06-03,Backend Core,23
649,S3,north,10.289162805670362,2025-04-09,Backend Core,15
650,Bedrock,east,37.87472127623533,2025-05-06,Data Integrations,19
651,EC2,north,26.389259117437813,2025-06-27,Backend Core,26
652,Bedrock,west,29.09622586069827,2025-05-16,Backend Core,20
653,VPC,north,59.21884594089731,2025-03-22,Backend Core,12
654,RedShift,west,23.80469084406867,2025-04-20,Research Core,16
655,VPC,east,63.30016502749812,2025-06-03,Data Integrations,23
656,SageMaker,east,54.40889557667896,2025-04-12,Data Integrations,15
657,SageMaker,east,24.813817081988393,2025-03-07,Data Integrations,10
658,SageMaker,east,28.361393689825434,2025-05-17,Services Main,20
659,EC2,west,6.122882337708537,2025-04-05,Data Integrations,14
660,Bedrock,west,27.828296817060522,2025-02-18,Research Core,8
661,Bedrock,east,42.5287992075013,2025-02-11,Data Integrations,7
662,SageMaker,north,6.463504815648779,2025-05-06,Data Integrations,19
663,Bedrock,west,36.730726062480905,2025-06-23,Data Integrations,26
664,VPC,west,45.637435799653744,2025-03-19,Data Integrations,12
665,RedShift,east,45.75025729665526,2025-04-04,Services Main,14
666,S3,east,20.271553385127078,2025-06-25,Data Integrations,26
667,RedShift,east,19.02,2025-01-28,Research Core,5
668,VPC,north,24.064413492501803,2025-06-28,Services Main,26
669,S3,east,37.48812378423515,2025-06-02,Research Core,23
670,S3,west,32.53560356161931,2025-04-07,Research Core,15
671,S3,north,29.702933515879778,2025-05-13,Data Integrations,20
672,VPC,east,66.07906367785097,2025-04-18,Backend Core,16
673,VPC,north,60.00759981787979,2025-04-24,Research Core,17
674,RedShift,north,63.93490108898604,2025-04-20,Backend Core,16
675,Bedrock,west,54.66323150704903,2025-02-02,Services Main,5
676,S3,west,9.697252353534642,2025-05-02,Data Integrations,18
677,S3,east,60.46359698655318,2025-04-28,Research Core,18
678,RedShift,north,12.161907973164077,2025-02-05,Services Main,6
679,Bedrock,east,43.59836197735641,2025-05-24,Backend Core,21
680,S3,north,38.18392008949573,2025-02-10,Data Integrations,7
681,Bedrock,east,28.186010509157875,2025-04-24,Research Core,17
682,RedShift,east,42.18356294657566,2025-04-06,Data Integrations,14
683,S3,west,12.141105941995185,2025-06-29,Data Integrations,26
684,EC2,north,53.01185310356378,2025-04-16,Services Main,16
685,SageMaker,west,42.004988387401625,2025-05-12,Services Main,20
686,RedShift,west,49.29255416170614,2025-05-19,Data Integrations,21
687,Bedrock,west,46.805220812669404,2025-01-13,Data Integrations,3
688,VPC,east,69.41474535338098,2025-01-03,Services Main,1
689,SageMaker,north,20.08629333918371,2025-01-15,Data Integrations,3
690,S3,east,28.854589765410324,2025-04-20,Services Main,16
691,VPC,east,43.923900697156824,2025-01-26,Backend Core,4
692,S3,east,57.73538837187259,2025-03-17,Services Main,12
693,Bedrock,west,40.467416882682684,2025-02-11,Services Main,7
694,EC2,north,14.532200692933353,2025-06-02,Research Core,23
695,Bedrock,north,11.143620755209403,2025-01-31,Backend Core,5
696,Bedrock,east,46.95537594191027,2025-06-01,Backend Core,22
697,EC2,west,67.14820512202179,2025-01-20,Services Main,4
698,RedShift,east,4.964899044303631,2025-06-21,Backend Core,25
699,VPC,east,62.117781644967764,2025-03-13,Services Main,11
700,S3,north,42.701592839030205,2025-02-02,Research Core,5
701,EC2,north,2.6059027199043614,2025-01-25,Data Integrations,4
702,RedShift,west,31.244298856416027,2025-03-09,Data Integrations,10
703,SageMaker,east,8.380035093021874,2025-01-27,Services Main,5
704,EC2,east,41.769866844825785,2025-06-24,Services Main,26
705,RedShift,east,49.6275095103682,2025-03-19,Data Integrations,12
706,RedShift,north,67.42681065742842,2025-02-01,Backend Core,5
707,Bedrock,north,69.73375209781706,2025-04-11,Research Core,15
708,Bedrock,east,3.398929737202414,2025-01-19,Data Integrations,3
709,EC2,north,10.758747261070855,2025-05-30,Backend Core,22
710,S3,north,69.46540202761952,2025-02-23,Data Integrations,8
711,VPC,east,16.235990736772838,2025-03-13,Research Core,11
712,VPC,east,64.42328593748363,2025-02-12,Services Main,7
713,VPC,west,52.94059117217886,2025-06-17,Backend Core,25
714,SageMaker,north,4.664573649285439,2025-04-06,Backend Core,14
715,RedShift,west,28.055785491571545,2025-05-04,Research Core,18
716,SageMaker,west,65.41213927968836,2025-04-28,Research Core,18
717,S3,west,28.196812533930242,2025-02-10,Research Core,7
718,Bedrock,east,39.764701251091545,2025-03-29,Backend Core,13
719,VPC,east,65.95440602520131,2025-02-07,Research Core,6
720,Bedrock,west,20.82086986105127,2025-02-09,Backend Core,6
721,S3,west,25.077458805751125,2025-04-06,Data Integrations,14
722,SageMaker,north,69.25530488453153,2025-02-17,Services Main,8
723,VPC,west,50.554656435051605,2025-04-30,Research Core,18
724,RedShift,west,18.580698211414017,2025-04-10,Data Integrations,15
725,S3,east,31.560706733068514,2025-01-21,Backend Core,4
726,S3,west,59.26710513196257,2025-05-12,Research Core,20
727,EC2,west,60.01366483481365,2025-03-08,Research Core,10
728,VPC,east,57.15215548802516,2025-03-08,Services Main,10
729,VPC,west,35.79908025799956,2025-01-16,Data Integrations,3
730,Bedrock,north,3.4905380664574293,2025-01-03,Research Core,1
731,EC2,west,25.162633311018194,2025-01-05,Data Integrations,1
732,EC2,east,20.26542222980678,2025-01-31,Services Main,5
733,S3,north,69.24010163773971,2025-01-02,Data Integrations,1
734,VPC,west,20.02,2025-01-29,Research Core,5
735,Bedrock,west,66.06266126907774,2025-03-02,Data Integrations,9
736,VPC,north,28.91984341367159,2025-03-27,Research Core,13
737,S3,west,17.76822644269912,2025-01-05,Backend Core,1
738,SageMaker,east,38.51118292307267,2025-05-15,Research Core,20
739,S3,west,68.71604517416311,2025-05-08,Research Core,19
740,Bedrock,north,22.56228421754796,2025-01-09,Backend Core,2
741,Bedrock,west,19.81860509553954,2025-01-10,Backend Core,2
742,EC2,north,49.16916050284026,2025-06-04,Services Main,23
743,Bedrock,north,18.75332051959371,2025-06-03,Services Main,23
744,RedShift,west,21.827008939449694,2025-04-28,Research Core,18
745,S3,east,63.19377577420002,2025-01-26,Backend Core,4
746,EC2,east,37.405148644326935,2025-02-12,Backend Core,7
747,EC2,east,62.15726608040152,2025-02-10,Research Core,7
748,SageMaker,north,3.631508590033388,2025-02-07,Services Main,6
749,RedShift,west,6.176887781520008,2025-05-26,Data Integrations,22
750,SageMaker,north,60.084865811709136,2025-05-20,Research Core,21
751,VPC,north,55.94801025872168,2025-02-08,Backend Core,6
752,RedShift,west,41.904836384289666,2025-06-20,Services Main,25
753,S3,east,48.72038506202677,2025-04-16,Research Core,16
754,Bedrock,west,45.79481573656447,2025-01-03,Research Core,1
755,EC2,east,11.977660538839123,2025-04-10,Services Main,15
756,RedShift,north,35.51607910219099,2025-01-30,Services Main,5
757,RedShift,east,45.09859634724182,2025-01-19,Backend Core,3
758,EC2,west,17.155504936340453,2025-04-08,Services Main,15
759,S3,north,3.8223680719658577,2025-04-16,Services Main,16
760,VPC,east,14.839279636524356,2025-04-27,Backend Core,17
761,S3,east,50.4914238285592,2025-06-24,Data Integrations,26
762,Bedrock,north,33.32313402730116,2025-06-21,Research Core,25
763,RedShift,north,31.700408074200727,2025-06-05,Services Main,23
764,RedShift,north,53.47017535841291,2025-01-08,Data Integrations,2
765,EC2,west,7.816663192116811,2025-06-25,Services Main,26
766,VPC,north,25.825153484117237,2025-05-05,Data Integrations,19
767,VPC,north,42.50650736190908,2025-05-17,Services Main,20
768,RedShift,west,63.18953929447819,2025-06-20,Research Core,25
769,Bedrock,east,69.25708362813175,2025-01-25,Backend Core,4
770,Bedrock,north,50.45328562936215,2025-02-03,Services Main,6
771,SageMaker,east,44.31720781584748,2025-06-29,Backend Core,26
772,Bedrock,west,38.368394954517015,2025-03-04,Backend Core,10
773,SageMaker,north,63.8633070206427,2025-01-30,Data Integrations,5
774,Bedrock,west,21.222565445645312,2025-06-10,Services Main,24
775,EC2,north,16.65970021117968,2025-03-27,Research Core,13
776,RedShift,north,0.7340972774770795,2025-06-20,Services Main,25
777,SageMaker,north,38.7061398937499,2025-03-28,Services Main,13
778,S3,north,53.14085233789946,2025-04-25,Data Integrations,17
779,VPC,east,7.495235985589322,2025-02-19,Data Integrations,8
780,VPC,west,18.7445402999474,2025-01-21,Backend Core,4
781,RedShift,east,41.89958567522644,2025-06-04,Services Main,23
782,VPC,west,14.627746039007036,2025-06-10,Backend Core,24
783,EC2,west,60.65483583543101,2025-03-19,Research Core,12
784,S3,north,1.4209466754148181,2025-02-12,Research Core,7
785,VPC,west,62.50804411959976,2025-01-27,Backend Core,5
786,EC2,north,13.478858566648555,2025-01-15,Services Main,3
787,S3,north,26.244087429097846,2025-05-26,Services Main,22
788,EC2,west,34.504012595482415,2025-05-28,Services Main,22
789,VPC,east,49.32856244822798,2025-02-02,Research Core,5
790,VPC,north,13.549814665743964,2025-04-17,Research Core,16
791,Bedrock,east,27.07492717974055,2025-05-17,Services Main,20
792,EC2,north,31.86963396410272,2025-02-13,Research Core,7
793,S3,west,22.503364885142844,2025-01-01,Data Integrations,1
794,RedShift,east,51.45928827117157,2025-01-09,Services Main,2
795,RedShift,north,38.29254666553545,2025-03-03,Data Integrations,10
796,RedShift,west,35.689292258528845,2025-02-17,Data Integrations,8
797,S3,north,38.09015783520408,2025-05-09,Backend Core,19
798,RedShift,west,46.0808667534743,2025-06-16,Services Main,25
799,EC2,east,7.536041595967545,2025-01-13,Services Main,3
800,VPC,west,49.49253956489875,2025-04-10,Backend Core,15
801,SageMaker,east,59.16784209779328,2025-03-25,Backend Core,13
802,SageMaker,east,10.879250413407473,2025-01-22,Backend Core,4
803,S3,west,37.04749067634476,2025-06-28,Research Core,26
804,SageMaker,west,32.37814033979006,2025-03-23,Data Integrations,12
805,VPC,north,0.8630016435863234,2025-02-07,Research Core,6
806,RedShift,north,4.458910695899961,2025-06-17,Data Integrations,25
807,SageMaker,east,61.960258193376134,2025-02-23,Services Main,8
808,RedShift,west,25.64557687197654,2025-02-24,Data Integrations,9
809,Bedrock,west,223.43,2025-05-12,Research Core,20
810,EC2,east,45.917190687327704,2025-01-11,Backend Core,2
811,RedShift,west,36.623123832907595,2025-06-14,Services Main,24
812,S3,west,15.41257288719341,2025-03-07,Backend Core,10
813,RedShift,west,45.87472299238899,2025-06-20,Services Main,25
814,EC2,east,28.87885103893224,2025-04-12,Services Main,15
815,SageMaker,north,44.85561467618807,2025-04-05,Backend Core,14
816,SageMaker,west,8.468877193304984,2025-06-19,Services Main,25
817,EC2,north,60.09070829075207,2025-03-29,Backend Core,13
818,Bedrock,west,54.17679111415503,2025-05-08,Backend Core,19
819,Bedrock,west,69.55783542763679,2025-05-20,Backend Core,21
820,EC2,west,7.117225387933706,2025-01-17,Backend Core,3
821,VPC,east,69.98095008904063,2025-03-18,Research Core,12
822,S3,west,20.759178003657166,2025-05-19,Services Main,21
823,Bedrock,north,36.45630616812946,2025-02-04,Data Integrations,6
824,EC2,east,44.63428245929654,2025-01-24,Backend Core,4
825,S3,west,26.741243510694687,2025-01-04,Services Main,1
826,S3,west,49.074315369897455,2025-04-02,Data Integrations,14
827,VPC,east,33.686550447028516,2025-01-06,Backend Core,2
828,RedShift,north,32.86890928323226,2025-03-22,Backend Core,12
829,EC2,west,63.18635865865889,2025-03-27,Backend Core,13
830,SageMaker,east,44.723822653452544,2025-03-15,Research Core,11
831,EC2,east,37.63456063429997,2025-04-05,Services Main,14
832,S3,west,65.01938116075824,2025-01-01,Data Integrations,1
833,VPC,west,64.02796609180422,2025-05-21,Backend Core,21
834,S3,north,34.3626843017291,2025-01-03,Data Integrations,1
835,SageMaker,north,6.982780962762704,2025-03-13,Backend Core,11
836,SageMaker,east,36.33248932852973,2025-03-30,Data Integrations,13
837,VPC,north,8.802218296638527,2025-03-01,Backend Core,9
838,SageMaker,north,57.47647923964303,2025-06-15,Research Core,24
839,EC2,north,63.69879284601361,2025-04-20,Backend Core,16
840,VPC,east,29.105666804460117,2025-03-17,Data Integrations,12
841,EC2,west,16.891514270397984,2025-02-26,Research Core,9
842,VPC,west,22.817198472267858,2025-05-01,Services Main,18
843,VPC,east,48.62413330396982,2025-01-21,Backend Core,4
844,RedShift,north,15.32586003302681,2025-04-01,Services Main,14
845,Bedrock,east,63.26954068590178,2025-04-06,Data Integrations,14
846,RedShift,west,47.48320402485931,2025-05-24,Research Core,21
847,S3,west,57.75081238423798,2025-01-22,Backend Core,4
848,EC2,east,14.374260174497211,2025-06-14,Services Main,24
849,VPC,east,39.02382566232073,2025-04-25,Services Main,17
850,RedShift,east,40.24202971449496,2025-01-11,Data Integrations,2
851,EC2,north,66.80824400436478,2025-01-13,Backend Core,3
852,EC2,east,32.8854498671299,2025-03-20,Data Integrations,12
853,VPC,west,52.420270305859134,2025-06-23,Services Main,26
854,Bedrock,north,30.36788878482518,2025-05-27,Research Core,22
855,VPC,west,38.71066308632339,2025-03-28,Services Main,13
856,EC2,west,46.540107124318254,2025-01-28,Services Main,5
857,VPC,north,40.44921758794347,2025-05-10,Services Main,19
858,SageMaker,north,45.65892680370087,2025-02-28,Research Core,9
859,VPC,east,45.767375357582004,2025-01-14,Services Main,3
860,S3,west,21.321927759626856,2025-04-29,Services Main,18
861,SageMaker,north,59.977434980215754,2025-04-24,Services Main,17
862,RedShift,north,0.9445768050420624,2025-02-13,Research Core,7
863,Bedrock,east,14.219672139197112,2025-04-08,Backend Core,15
864,Bedrock,west,51.620851201166424,2025-05-03,Data Integrations,18
865,VPC,west,37.816662352611736,2025-06-14,Backend Core,24
866,RedShift,west,26.198947809000284,2025-04-11,Services Main,15
867,SageMaker,west,50.93597164217887,2025-03-25,Research Core,13
868,Bedrock,west,54.40129492387745,2025-06-10,Research Core,24
869,Bedrock,west,46.53585783773189,2025-05-27,Backend Core,22
870,Bedrock,north,7.468964162954409,2025-03-15,Services Main,11
871,VPC,east,46.800752899306964,2025-05-05,Backend Core,19
872,S3,west,1.0701723136835566,2025-05-04,Backend Core,18
873,RedShift,east,14.518174230306895,2025-01-05,Research Core,1
874,EC2,east,19.620796454791176,2025-01-28,Services Main,5
875,SageMaker,east,69.86083820181733,2025-06-01,Research Core,22
876,EC2,west,34.20739129865176,2025-05-05,Backend Core,19
877,EC2,west,58.27316719452055,2025-02-26,Data Integrations,9
878,VPC,east,68.15762044926936,2025-03-11,Services Main,11
879,VPC,east,31.12422313192645,2025-02-14,Research Core,7
880,EC2,north,82.0,2025-05-16,Research Core,20
881,RedShift,north,44.41110027728794,2025-02-25,Services Main,9
882,S3,north,27.745807075344395,2025-05-27,Backend Core,22
883,EC2,east,57.9432294587912,2025-03-16,Research Core,11
884,Bedrock,north,15.039199473039647,2025-02-15,Services Main,7
885,S3,west,47.66802233623454,2025-03-09,Data Integrations,10
886,EC2,west,35.556727380191376,2025-03-07,Data Integrations,10
887,Bedrock,north,42.0,2025-02-01,Research Core,5
888,S3,east,55.25619898217419,2025-02-23,Research Core,8
889,EC2,east,65.66104855153748,2025-02-14,Backend Core,7
890,RedShift,west,10.735692236577256,2025-04-16,Backend Core,16
891,RedShift,north,19.594424490589187,2025-06-14,Data Integrations,24
892,VPC,west,68.10007319635771,2025-04-29,Data Integrations,18
893,SageMaker,west,43.12420820479628,2025-05-01,Backend Core,18
894,VPC,west,17.810512565839634,2025-04-08,Services Main,15
895,VPC,north,21.937535228115944,2025-01-09,Services Main,2
896,S3,north,37.0445924171076,2025-05-28,Backend Core,22
897,RedShift,west,39.82405140412593,2025-02-09,Data Integrations,6
898,EC2,west,62.08740068278844,2025-01-04,Services Main,1
899,EC2,north,28.09257036302645,2025-04-04,Backend Core,14
900,EC2,west,44.76628502809029,2025-02-11,Research Core,7
901,EC2,west,41.59968038214502,2025-02-01,Research Core,5
902,SageMaker,west,1.8102034056605727,2025-05-30,Research Core,22
903,EC2,north,69.04020410505534,2025-02-22,Backend Core,8
904,SageMaker,west,30.943765942474993,2025-03-15,Data Integrations,11
905,Bedrock,west,60.61955001750366,2025-02-14,Backend Core,7
906,EC2,west,59.61557327745705,2025-01-04,Backend Core,1
907,EC2,north,21.81190373429909,2025-02-14,Research Core,7
908,Bedrock,west,15.712866972873561,2025-01-04,Research Core,1
909,EC2,north,24.59898003493013,2025-03-04,Services Main,10
910,EC2,west,59.58685680229146,2025-01-31,Research Core,5
911,VPC,north,58.95381036304853,2025-05-28,Services Main,22
912,Bedrock,north,39.34932597079199,2025-03-12,Data Integrations,11
913,RedShift,west,19.116490652868798,2025-01-20,Data Integrations,4
914,RedShift,east,57.298199326099166,2025-05-25,Data Integrations,21
915,Bedrock,east,3.938630627081598,2025-03-02,Services Main,9
916,EC2,east,22.950111124294484,2025-06-16,Research Core,25
917,VPC,east,59.49604311541776,2025-02-06,Services Main,6
918,SageMaker,north,36.18592769138767,2025-03-30,Research Core,13
919,SageMaker,east,28.915577152935796,2025-04-21,Services Main,17
920,SageMaker,north,19.66560353426106,2025-05-24,Services Main,21
921,VPC,west,66.56433845379381,2025-06-08,Data Integrations,23
922,VPC,west,27.329258055239627,2025-03-28,Research Core,13
923,SageMaker,north,66.38257089519784,2025-02-08,Research Core,6
924,S3,east,47.34232387766836,2025-01-21,Data Integrations,4
925,RedShift,east,50.95470797810238,2025-06-29,Data Integrations,26
926,Bedrock,east,27.402592895970134,2025-06-11,Backend Core,24
927,EC2,east,44.70054505113371,2025-04-29,Data Integrations,18
928,VPC,west,13.34,2025-02-01,Research Core,5
929,Bedrock,west,26.606431207083208,2025-05-09,Data Integrations,19
930,VPC,west,13.892414943041267,2025-05-16,Services Main,20
931,RedShift,east,67.37078484811735,2025-02-10,Data Integrations,7
932,Bedrock,east,13.191851917228094,2025-05-17,Backend Core,20
933,VPC,east,33.37546413755735,2025-06-02,Data Integrations,23
934,S3,north,24.385771395167016,2025-05-17,Services Main,20
935,Bedrock,east,29.467023334095924,2025-02-28,Backend Core,9
936,Bedrock,north,51.13214754260104,2025-01-03,Services Main,1
937,SageMaker,east,55.47340733728843,2025-04-28,Services Main,18
938,EC2,east,61.92380299140771,2025-03-29,Backend Core,13
939,VPC,west,22.248160444304233,2025-04-05,Data Integrations,14
940,VPC,west,17.01836958957562,2025-05-14,Data Integrations,20
941,EC2,west,40.70980463778886,2025-02-18,Backend Core,8
942,EC2,west,52.59370076811171,2025-02-07,Data Integrations,6
943,SageMaker,north,17.61292946685874,2025-05-01,Data Integrations,18
944,SageMaker,west,45.577368770601126,2025-06-19,Backend Core,25
945,SageMaker,west,45.3340498130114,2025-01-06,Research Core,2
946,SageMaker,north,45.28894752967525,2025-03-12,Data Integrations,11
947,S3,east,54.853020470258606,2025-04-16,Data Integrations,16
948,EC2,north,46.17241375148149,2025-03-29,Data Integrations,13
949,SageMaker,north,10.57961224747004,2025-06-08,Research Core,23
950,S3,east,26.503583378141922,2025-01-05,Data Integrations,1
951,EC2,north,50.42355210764277,2025-05-22,Services Main,21
952,SageMaker,west,12.030861181787284,2025-04-19,Backend Core,16
953,VPC,north,43.936315866745055,2025-04-15,Data Integrations,16
954,RedShift,west,52.001514679229274,2025-02-28,Backend Core,9
955,SageMaker,east,66.5669026820365,2025-05-16,Data Integrations,20
956,S3,west,66.96234745916172,2025-02-07,Backend Core,6
957,VPC,north,34.45475930202051,2025-06-12,Research Core,24
958,VPC,east,52.971647419281986,2025-03-10,Backend Core,11
959,RedShift,west,21.803057102130225,2025-03-28,Services Main,13
960,Bedrock,west,41.00447918496009,2025-05-14,Data Integrations,20
961,RedShift,west,18.00702784013352,2025-06-20,Services Main,25
962,SageMaker,west,9.482018340022622,2025-02-24,Data Integrations,9
963,SageMaker,east,69.5032889944392,2025-01-18,Data Integrations,3
964,S3,north,41.84427630746498,2025-05-19,Research Core,21
965,S3,west,41.265845945950595,2025-06-12,Data Integrations,24
966,Bedrock,west,57.47824068815355,2025-05-24,Research Core,21
967,SageMaker,north,11.263694367633542,2025-04-02,Data Integrations,14
968,VPC,west,23.679587853215263,2025-01-22,Services Main,4
969,SageMaker,east,43.88043371392699,2025-01-06,Backend Core,2
970,RedShift,east,11.017418331647622,2025-06-14,Backend Core,24
971,RedShift,east,23.638931588740153,2025-04-16,Research Core,16
972,RedShift,north,17.59508183240325,2025-06-16,Data Integrations,25
973,RedShift,north,59.99511990470233,2025-02-14,Data Integrations,7
974,VPC,north,37.2036011174233,2025-06-26,Backend Core,26
975,Bedrock,east,2.5649513496388003,2025-05-29,Data Integrations,22
976,EC2,west,25.963119983240535,2025-03-26,Services Main,13
977,RedShift,east,66.50083830993978,2025-06-29,Services Main,26
978,RedShift,east,32.73703888488069,2025-05-14,Data Integrations,20
979,SageMaker,north,34.7074037247085,2025-03-07,Services Main,10
980,VPC,west,21.508169650618893,2025-04-16,Services Main,16
981,VPC,west,1.3970394622773594,2025-04-03,Data Integrations,14
982,SageMaker,west,30.586064036561623,2025-05-05,Backend Core,19
983,SageMaker,west,13.390153854495082,2025-02-21,Data Integrations,8
984,S3,north,66.82977894463346,2025-04-01,Research Core,14
985,S3,west,66.12397672497808,2025-01-06,Services Main,2
986,EC2,north,49.45593669392592,2025-04-22,Research Core,17
987,RedShift,east,37.86514950782827,2025-01-27,Data Integrations,5
988,Bedrock,east,30.889394511167787,2025-01-19,Data Integrations,3
989,SageMaker,north,21.10930261963528,2025-04-10,Data Integrations,15
990,EC2,west,51.17096998866423,2025-06-10,Backend Core,24
991,VPC,north,38.13326956898099,2025-03-08,Research Core,10
992,EC2,north,11.843076566626852,2025-01-05,Services Main,1
993,VPC,east,43.699683788972415,2025-05-11,Services Main,19
994,RedShift,east,29.699414723005283,2025-02-02,Services Main,5
995,VPC,north,28.785467308241554,2025-05-13,Backend Core,20
996,VPC,west,64.69519296712667,2025-04-22,Services Main,17
997,VPC,east,2.376849346358328,2025-01-21,Backend Core,4
998,Bedrock,east,1.2909533033097675,2025-03-31,Services Main,14
999,SageMaker,east,21.02,2025-02-02,Research Core,5
